Workbook

Sheet Start Here
A1: PODS Olympics Live Leaderboard
A2: This Google Sheet runs a live leaderboard website. Type points here and every phone, laptop, and TV with the link updates within 30 seconds.
A4: One-time setup (about 10 minutes, do it from the shared club Google account)
A5: 1. Upload this file to Google Drive, open it, then File > Save as Google Sheets. Work in the Google Sheets copy from now on.
A6: 2. In the Google Sheet, click Extensions > Apps Script.
A7: 3. Delete everything in Code.gs and paste in the contents of the Code.gs file.
A8: 4. Next to Files, click + > HTML. Name it Index (no .html). Delete what's there and paste in Index.html. Click Save.
A9: 5. Click the gear (Project Settings) and set the time zone to Pacific Time (Los Angeles).
A10: 6. Click Deploy > New deployment. Click the gear next to Select type and pick Web app.
A11: Execute as: Me. Who has access: Anyone. Then click Deploy.
A12: 7. Google asks for permission. Click Authorize, pick the club account, then Advanced > Go to project. This is safe: it's your own script reading your own sheet.
A13: 8. Go to Deploy > Manage deployments and copy the Web app URL (ends in /exec). Paste it on the Settings tab next to Leaderboard link. That's the leaderboard: text it to the cohort or put it on the TV.
... A42: Gray cells: calculated automatically, don't type here

Sheet Settings
A1: Setting | B1: Value | C1: What it does
A2: Board title | B2: PODS Olympics | C2: Big title at the top of the board
A3: Year | B3: 2026 | C3: Shown next to the title. Change it to start a new season
A4: Organization | B4: Pacific College Corps | C4: Shown under the title
A5: Day 1 date | B5: 46300 | C5: First day of the competition
A6: Number of days | B6: 5 | C6: How many days the competition runs
A7: Leaderboard link | C7: Paste the Web app URL from Deploy > Manage deployments (ends in /exec)

Sheet Schedule
A1: Day | B1: Date | C1: Event | D1: Time | E1: Location | F1: Scored? | G1: Short name | H1: Notes
A2: 1 | B2: =IF(A2="","",Settings!$B$5+A2-1) -> 46300 | C2: Pumpkin Painting | D2: 12-6 PM | E2: GWH Breakroom (106) & 109 | F2: Yes | G2: Pumpkins | H2: PODS paint their assigned pumpkin anytime in the window
A3: 1 | B3: =IF(A3="","",Settings!$B$5+A3-1) -> 46300 | C3: Canned Castles Competition | D3: 6-7 PM | E3: GWH 100 | F3: Yes | G3: Castles | H3: Build castles from the cans each PODS collected
A4: 1 | B4: =IF(A4="","",Settings!$B$5+A4-1) -> 46300 | C4: Canned Castles Can Count | D4: Until 6 PM | E4: GWH study room | F4: Yes | G4: Can count | H4: Drop off cans by 6 PM. Write PODS name on cans. 15 min opportunity hour per can, 8 cans max
A5: 2 | B5: =IF(A5="","",Settings!$B$5+A5-1) -> 46301 | C5: Video Game Competition | D5: 1-5 PM | E5: GWH 100 | F5: Yes | G5: Games | H5: Mario Kart 1 PM, Smash Bros 2 PM, Gigabash 3 PM, Escapist 4 PM
A6: 3 | B6: =IF(A6="","",Settings!$B$5+A6-1) -> 46302 | C6: CSC Swearing-In Watch Party | D6: 11 AM-12 PM | E6: GWH 100 | F6: No | G6: Watch party | H6: Counts for 1 training hour
A7: 3 | B7: =IF(A7="","",Settings!$B$5+A7-1) -> 46302 | C7: CC Spirit Day | D7: All day | E7: Anywhere | F7: Yes | G7: Spirit | H7: Wear College Corps merch, send a pic to your PODS leader. Leaders post to pics&vids by 6 PM
A8: 3 | B8: =IF(A8="","",Settings!$B$5+A8-1) -> 46302 | C8: Relay Race | D8: 12-12:30 PM | E8: DUC Lawn | F8: Yes | G8: Relay | H8: Bring as many PODS members as you can
A9: 4 | B9: =IF(A9="","",Settings!$B$5+A9-1) -> 46303 | C9: Scavenger Hunt | D9: 6-7 PM | E9: Meet at GWH | F9: Yes | G9: Hunt | H9: Clues handed out at GWH. Be at the monthly meeting by 7 PM
A10: 4 | B10: =IF(A10="","",Settings!$B$5+A10-1) -> 46303 | C10: Monthly Meeting Costumes | D10: 7 PM | E10: Monthly Meeting | F10: Yes | G10: Costumes | H10: Costume contest at the monthly meeting
A11: 5 | B11: =IF(A11="","",Settings!$B$5+A11-1) -> 46304 | C11: Groundstack Fundraiser | D11: 6:30 AM-6 PM | E11: Groundstack Coffee, 3210 Pacific Ave | F11: Yes | G11: Groundstack | H11: Mention Pacific College Corps at the register. Post proof to pics&vids
A12: 5 | B12: =IF(A12="","",Settings!$B$5+A12-1) -> 46304 | C12: Volleyball Competition | D12: 6-7 PM | E12: DUC Lawn | F12: Yes | G12: Volleyball | H12: First to 10 points wins. At least 3 people from each PODS
B13: =IF(A13="","",Settings!$B$5+A13-1)
B14: =IF(A14="","",Settings!$B$5+A14-1)
B15: =IF(A15="","",Settings!$B$5+A15-1)
B16: =IF(A16="","",Settings!$B$5+A16-1)
B17: =IF(A17="","",Settings!$B$5+A17-1)
B18: =IF(A18="","",Settings!$B$5+A18-1)
B19: =IF(A19="","",Settings!$B$5+A19-1)
B20: =IF(A20="","",Settings!$B$5+A20-1)
B21: =IF(A21="","",Settings!$B$5+A21-1)
B22: =IF(A22="","",Settings!$B$5+A22-1)

Sheet Scores
A1: PODS LEADER | B1: VICTORIA | C1: MINERVA | D1: BLANCA | E1: JESSICA | F1: GLENN | G1: MARIA | H1: PAUL | I1: MANNAT | J1: SUKHPREET | K1: NATHALIE | L1: EMILIO | M1: CRIS
A2: DAY 1: PUMPKIN PAINTING
A3: DAY 1: CANNED CASTLES COMPETITION
A4: DAY 1: CANNED CASTLES CAN COUNT | B4: 8 | G4: 8 | I4: 16 | J4: 24 | M4: 8
A5: DAY 2: VIDEO GAME COMPETITION
A6: DAY 3: CC SPIRIT DAY
A7: DAY 3: RELAY RACE
A8: DAY 4: SCAVENGER HUNT
A9: DAY 4: MONTHLY MEETING COSTUMES
A10: DAY 5: GROUNDSTACK FUNDRAISER
A11: DAY 5: VOLLEYBALL COMPETITION
A12: BONUS OR PENALTIES
A14: TOTAL | B14: =SUM(B2:B12) -> 8 | C14: =SUM(C2:C12) -> 0 | D14: =SUM(D2:D12) -> 0 | E14: =SUM(E2:E12) -> 0 | F14: =SUM(F2:F12) -> 0 | G14: =SUM(G2:G12) -> 8 | H14: =SUM(H2:H12) -> 0 | I14: =SUM(I2:I12) -> 16 | ... M14: =SUM(M2:M12) -> 8
A15: RANK | B15: =RANK(B14,$B$14:$M$14) -> 3 | C15: =RANK(C14,$B$14:$M$14) -> 6 | D15: =RANK(D14,$B$14:$M$14) -> 6 | E15: =RANK(E14,$B$14:$M$14) -> 6 | F15: =RANK(F14,$B$14:$M$14) -> 6 | G15: =RANK(G14,$B$14:$M$14) -> 3 | H15: =RANK(H14,$B$14:$M$14) -> 6 | I15: =RANK(I14,$B$14:$M$14) -> 2 | ... M15: =RANK(M14,$B$14:$M$14) -> 3
